i_max,t_max,block_size,time_seconds
1000,100,512,1.000000000
10000,100,512,0.000000000
100000,100,512,0.000000000
1000000,100,512,0.000000000
10000000,100,512,0.000000000
